{"umap_coordinates": {"x": [7.495774745941162, 11.412266731262207, 4.196626663208008, 3.2013511657714844, 8.320305824279785, 5.568381309509277, 5.159112930297852, 11.305731773376465, 2.7148592472076416, 9.135600090026855, 2.6188344955444336, 4.953644752502441, 9.46868896484375, 5.114443302154541, 3.057558536529541, 2.8588647842407227, 12.235281944274902, 4.205877304077148, 4.1836090087890625, 4.985060214996338, 3.6120717525482178, 7.861104488372803, 7.937389850616455, 7.5141096115112305, 9.291911125183105, 12.386818885803223, 5.412755966186523, 6.83863639831543, 10.637012481689453, 8.662667274475098, 3.144559383392334, 10.27883529663086, 7.536041736602783, 8.04835319519043, 12.054516792297363, 5.018173694610596, 8.598441123962402, 6.018956184387207, 4.17527437210083, 5.493595600128174, 6.854437828063965, 8.655428886413574, 4.910417556762695, 6.478353500366211, 11.342167854309082, 5.476588726043701, 3.0859360694885254, 8.595298767089844, 4.272124290466309, 10.64813232421875, 2.7148523330688477, 7.88402795791626, 3.070483684539795, 3.2615678310394287, 9.880254745483398, 3.1905770301818848, 11.438538551330566, 8.44216537475586, 10.707965850830078, 4.599263668060303, 7.605155944824219, 7.657602310180664, 3.522876739501953, 6.2689409255981445, 4.5088396072387695, 11.979272842407227, 5.202082633972168, 3.7183914184570312, 12.486628532409668, 11.464444160461426, 9.493513107299805, 2.8160243034362793, 9.01085376739502, 8.784026145935059, 8.723113059997559, 4.016613960266113, 8.27369499206543, 2.945819139480591, 8.16180419921875, 4.698967456817627, 6.316826343536377, 8.230130195617676, 11.00405216217041, 5.854427814483643, 4.322729110717773, 3.8576974868774414, 3.350756883621216, 11.046623229980469, 8.051153182983398, 4.573757171630859, 6.4423699378967285, 3.9066145420074463, 3.3746707439422607, 4.690248012542725, 11.712691307067871, 4.723726272583008, 7.642928600311279, 3.817573070526123, 5.117659568786621, 5.817638874053955, 6.100211143493652], "y": [7.032926082611084, 3.848745584487915, 4.349215507507324, 4.399043083190918, 5.951149940490723, 0.3367058038711548, 0.8162351250648499, 4.518171310424805, 3.715622663497925, 6.833285808563232, 7.088477611541748, 5.0832295417785645, 7.64980936050415, 3.6755008697509766, 4.030934810638428, 5.317436218261719, 3.720881938934326, 5.405695915222168, 2.0067551136016846, 3.460411548614502, 6.262381076812744, 3.2945544719696045, 6.307697296142578, 2.978605270385742, 8.039896965026855, 4.195472240447998, 2.4391894340515137, 3.7780983448028564, 5.898274898529053, 7.191007137298584, 4.928907871246338, 6.278195381164551, 3.736879825592041, 6.86536979675293, 3.690139055252075, 4.405106067657471, 3.5346195697784424, 4.055534839630127, 1.496948003768921, 1.1544219255447388, 3.5366857051849365, 6.095359802246094, 3.960237979888916, 2.5393974781036377, 5.189817428588867, 0.8978925943374634, 5.819204807281494, 8.231670379638672, 4.64045524597168, 4.608124256134033, 6.6169233322143555, 3.9503719806671143, 3.679154634475708, 7.050539493560791, 7.209346771240234, 6.546342849731445, 5.707086563110352, 7.5022430419921875, 5.057098865509033, 2.356598138809204, 7.336274147033691, 7.300828456878662, 6.616717338562012, 3.1794307231903076, 3.1315245628356934, 4.5531182289123535, 2.269911289215088, 4.2181172370910645, 4.872204303741455, 4.271742343902588, 7.013009071350098, 6.247645378112793, 7.437105655670166, 7.567933559417725, 6.0363569259643555, 2.4796814918518066, 7.066100597381592, 6.911050796508789, 7.731010437011719, 5.518162250518799, 2.3131229877471924, 3.7126760482788086, 5.709972858428955, 2.0012850761413574, 5.9308271408081055, 3.480057716369629, 3.434648275375366, 4.134976387023926, 3.2328484058380127, 4.627476692199707, 3.0098540782928467, 4.840076446533203, 5.492774963378906, 2.478325605392456, 4.771589279174805, 1.2686517238616943, 6.35400915145874, 5.364131450653076, 0.651308000087738, 4.754326343536377, 1.803578495979309]}, "cell_types": ["cms2", "cd19+cd20+ b", "cms2", "cms2", "myofibroblasts", "stromal 1", "cms2", "cd19+cd20+ b", "myofibroblasts", "cms2", "stromal 1", "stromal 1", "cms2", "cms2", "myofibroblasts", "stromal 1", "cd19+cd20+ b", "stromal 1", "cms2", "stromal 1", "stromal 1", "myofibroblasts", "cms2", "myofibroblasts", "cms2", "cms3", "stromal 1", "myofibroblasts", "iga+ plasma", "cms2", "unknown", "iga+ plasma", "cms2", "cms2", "cd19+cd20+ b", "stromal 1", "cms2", "stromal 1", "cms2", "cms2", "myofibroblasts", "myofibroblasts", "cms2", "myofibroblasts", "cms2", "cms2", "stromal 1", "cms2", "stromal 1", "cd19+cd20+ b", "cms2", "myofibroblasts", "myofibroblasts", "cms2", "cms2", "unknown", "iga+ plasma", "cms2", "iga+ plasma", "stromal 1", "cms2", "cms2", "stromal 1", "myofibroblasts", "stromal 1", "cd19+cd20+ b", "stromal 1", "stromal 1", "cd19+cd20+ b", "cd19+cd20+ b", "cms2", "myofibroblasts", "cms2", "cms2", "cms2", "stromal 1", "cms2", "stromal 1", "cms2", "stromal 1", "stromal 1", "myofibroblasts", "cms3", "stromal 1", "stromal 1", "stromal 1", "stromal 1", "cms2", "stromal 1", "stromal 1", "myofibroblasts", "stromal 1", "stromal 1", "stromal 1", "cms3", "cms2", "cms2", "unknown", "cms2", "stromal 1", "cms2"], "cell_clusters": ["1", "3", "0", "0", "1", "2", "2", "3", "0", "1", "0", "0", "1", "0", "0", "0", "3", "0", "2", "0", "0", "4", "1", "4", "1", "3", "2", "4", "3", "1", "0", "3", "4", "1", "3", "0", "4", "0", "2", "2", "4", "1", "0", "2", "3", "2", "0", "1", "0", "3", "0", "4", "0", "0", "1", "0", "3", "1", "3", "2", "1", "1", "0", "2", "2", "3", "2", "0", "3", "3", "1", "0", "1", "1", "1", "2", "1", "0", "1", "0", "2", "4", "3", "2", "0", "0", "0", "3", "4", "0", "2", "0", "0", "2", "3", "2", "1", "0", "2", "0", "2"], "pseudotime": [0.7688183188438416, 0.9509340524673462, 0.2271839827299118, 0.2168656438589096, 0.8264866471290588, 0.37734851241111755, 0.3733578026294708, 0.9522988796234131, 0.22646479308605194, 0.8019426465034485, 0.010796934366226196, 0.22957941889762878, 0.8204299211502075, 0.29334139823913574, 0.2197054624557495, 0.18111863732337952, 0.9774459004402161, 0.1850474774837494, 0.2922825813293457, 0.25368747115135193, 0.09135624021291733, 0.5211347937583923, 0.7327020168304443, 0.5189435482025146, 0.8233228325843811, 0.9664869904518127, 0.317717581987381, 0.41093650460243225, 0.9152623414993286, 0.7455939650535583, 0.19909846782684326, 0.8850538730621338, 0.48547402024269104, 0.7355233430862427, 0.9610418677330017, 0.2383124828338623, 0.6115130186080933, 0.32033804059028625, 0.31944918632507324, 0.36392009258270264, 0.4010368585586548, 0.8241347074508667, 0.2551099956035614, 0.3936397135257721, 0.92311030626297, 0.36906716227531433, 0.14659540355205536, 0.8056617379188538, 0.2157565951347351, 0.8694899082183838, 0.026270586997270584, 0.5235016942024231, 0.22215820848941803, 0.01804250478744507, 0.8273008465766907, 0.020412910729646683, 0.9597121477127075, 0.7806724309921265, 0.9436448216438293, 0.2921152114868164, 0.7561872005462646, 0.741138219833374, 0.0762808546423912, 0.3619726300239563, 0.2573246657848358, 1.0, 0.3114551603794098, 0.20859259366989136, 0.97360759973526, 0.9613092541694641, 0.8229123950004578, 0.08705032616853714, 0.7938992381095886, 0.7741524577140808, 0.8238240480422974, 0.2739242613315582, 0.7689008712768555, 0.0, 0.7856424450874329, 0.22260944545269012, 0.357593834400177, 0.5556538701057434, 0.9409794211387634, 0.3570845425128937, 0.20352569222450256, 0.24134816229343414, 0.24314844608306885, 0.8996462225914001, 0.5178182125091553, 0.22747193276882172, 0.3639910817146301, 0.19644996523857117, 0.14510297775268555, 0.293850302696228, 0.9404742121696472, 0.3418465852737427, 0.7175813317298889, 0.19992300868034363, 0.36820554733276367, 0.30296561121940613, 0.35835587978363037], "metadata": {"unique_cell_types": ["cd19+cd20+ b", "cms2", "cms3", "iga+ plasma", "myofibroblasts", "stromal 1", "unknown"], "unique_clusters": ["0", "1", "2", "3", "4"], "total_cells": 101, "sampled_cells": 0, "root_cell_index": 77}}